id_table,mitre_group_id,mitre_country
1,G0018,CHN
2,G0130,IRN
3,G1000,RUS
4,G0138,PRK
5,G1007,CHN
6,G0099,COL
7,G0006,CHN
8,G0005,CHN
9,G0023,CHN
10,G0025,CHN
11,G0026,CHN
12,G0073,CHN
13,G0007,RUS
14,G0016,RUS
15,G0022,CHN
16,G0013,CHN
17,G0050,VNM
18,G0064,IRN
19,G0067,PRK
20,G0082,PRK
21,G0087,IRN
22,G0096,CHN
23,G0143,CHN
24,G0001,CHN
25,G0098,CHN
26,G0060,CHN
27,G0008,UKR
28,G0114,CHN
29,G0003,IRN
30,G0080,RUS
31,G0142,IND
32,G0052,IRN
33,G0070,LBN
34,G0012,KOR
35,G0079,IRN
36,G0105,
37,G0009,CHN
38,G0035,RUS
39,G0017,CHN
40,G1006,CHN
41,G0066,CHN
42,G1003,RUS
43,G0020,USA
44,G0120,
45,G1011,
46,G0137,IRN
47,G0051,
48,G0085,ROU
49,G0053,
50,G0037,
51,G0046,RUS
52,G0061,
53,G0117,IRN
54,G0093,CHN
55,G0084,
56,G0047,RUS
57,G0036,RUS
58,G0115,RUS
59,G0078,PAK
60,G0043,IRN
61,G0125,CHN
62,G1001,IRN
63,G0126,KOR
64,G0100,RUS
65,G0136,CHN
66,G0119,RUS
67,G0004,CHN
68,G0094,PRK
69,G1004,BRA
70,G0032,PRK
71,G0140,
72,G0077,IRN
73,G0065,CHN
74,G0030,CHN
75,G0095,
76,G0059,IRN
77,G0045,CHN
78,G0002,CHN
79,G0103,CHN
80,G0021,
81,G1009,IRN
82,G0069,IRN
83,G0129,CHN
84,G0019,CHN
85,G0055,TUR
86,G0133,RUS
87,G0049,IRN
88,G0071,
89,G0040,IND
90,G0011,CHN
91,G0068,CHN
92,G1005,LBN
93,G0033,BRA
94,G0056,TUR
95,G0024,CHN
96,G0075,CHN
97,G0106,
98,G0048,RUS
99,G0034,RUS
100,G0029,CHN
101,G1008,PAK
102,G0121,IND
103,G0091,
104,G0122,IRN
105,G0083,NGA
106,G0054,
107,G0038,ARE
108,G0041,USA
109,G0039,CHN
110,G0062,CHN
111,G0092,RUS
112,G0127,RUS
113,G0139,
114,G0088,RUS
115,G0089,
116,G0028,
117,G0027,CHN
118,G0076,CHN
119,G0131,CHN
120,G0134,PAK
121,G0081,CHN
122,G0010,RUS
123,G0123,LBN
124,G0107,
125,G0124,RUS
126,G0112,
127,G0044,CHN
128,G0090,
129,G0102,RUS
130,G0128,CHN
